Invoice No,Date,Quantity,Products
1808,21-07-2015,6,Protein Powder
2552,05-01-2015,3,Creatine
2300,19-09-2015,9,Peanut Butter
1187,12-12-2015,2,Vegan Protein Powder
3037,01-02-2015,7,Casein Protein Powder
4941,14-02-2015,4,Muscle Mass Gainer
4501,08-05-2015,8,BCAA
3803,23-12-2015,5,Pre-Workout Supplement
2762,20-03-2015,1,Post-Workout Recovery Drink
4119,12-02-2015,10,Glutamine
1340,24-02-2015,2,Fish Oil
2193,14-04-2015,7,Multivitamins
1997,21-07-2015,4,Joint Support Supplement
4546,03-09-2015,9,Energy Bar
4736,21-07-2015,3,Protein Cookies
1959,30-03-2015,8,Protein Pancake Mix
1974,03-05-2015,6,Protein Brownie Mix
2421,02-09-2015,1,Protein Ice Cream Mix
1513,03-08-2015,5,Protein Water
1905,07-07-2015,10,Protein Coffee
2810,08-09-2015,7,Protein Pasta
2867,12-11-2015,4,Protein Chips
3962,18-09-2015,8,Protein Popcorn
1088,30-11-2015,3,Protein Shake Ready-to-Drink (RTD)
1808,17-07-2015,6,Electrolyte Drink Mix
2552,12-06-2015,2,Thermogenic Fat Burner
2300,13-02-2015,9,CLA (Conjugated Linoleic Acid) Supplement
1187,14-01-2015,1,Carb Powder
3037,08-03-2015,5,Nitric Oxide Booster
4941,27-01-2015,10,Muscle Recovery Cream
4501,22-10-2015,5,Omega-3 Fish Oil Supplements
3803,26-10-2015,1,Protein Powder
2762,08-10-2015,6,Plant-Based Protein Bars
4119,03-10-2015,2,Muscle Recovery Supplements
1340,11-04-2015,9,Branched-Chain Amino Acid Capsules
2193,21-02-2015,4,Post-Workout Protein Shake Mix
1997,29-09-2015,8,Protein-rich Energy Bites
4546,09-01-2015,3,Electrolyte Drink Tablets
4736,03-04-2015,10,Vegan Protein Bars
1959,20-04-2015,7,Collagen Peptides Powder
1974,04-08-2015,1,Meal Replacement Shakes
2421,19-07-2015,8,Plant-Based Meal Prep Services
1513,06-10-2015,3,Hydration Pack for Running
1905,16-10-2015,7,Energy Gel Packs for Endurance
2810,06-06-2015,4,Electrolyte Powders for Hydration
2867,26-09-2015,9,Greens Superfood Powder
3962,15-08-2015,5,Testosterone Boosting Supplements
1088,21-05-2015,6,Hydration Mix with Probiotics
1808,25-08-2015,2,Antioxidant-Rich Superfood Supplements
2552,11-03-2015,10,Adaptogen Supplements for Stress Management
2300,01-02-2015,3,Foam Roller
1187,05-06-2015,9,Massage Ball
3037,28-07-2015,4,Resistance Bands (Various Resistance Levels)
4941,05-09-2015,6,Dumbbell Set
4501,03-04-2015,2,Kettlebell
3803,19-06-2015,8,Medicine Ball
2762,28-07-2015,7,Jump Rope
4119,11-10-2015,1,Weightlifting Gloves
1340,16-06-2015,5,Lifting Straps
2193,20-01-2015,10,Wrist Wraps
1997,20-03-2015,4,Weightlifting Belt
4546,15-02-2015,1,Compression Socks
4736,13-04-2015,8,Running Shoes
1959,07-02-2015,5,Cross Training Shoes
1974,02-03-2015,2,Gym Bag
2421,14-03-2015,7,Water Bottle (With Infuser)
1513,22-12-2015,6,Blender Bottle/Shaker Cup
1905,01-07-2015,3,Fitness Tracker Watch
2810,03-11-2015,9,Heart Rate Monitor Chest Strap
2867,14-04-2015,10,Workout Journal/Planner
3962,29-09-2015,1,Gym Towel
1088,12-04-2015,5,Cooling Towel
1808,05-05-2015,7,Sweat Headbands
2552,12-05-2015,4,Exercise Bike
2300,01-07-2015,8,Treadmill
1187,08-07-2015,3,Rowing Machine
3037,21-09-2015,2,Elliptical Trainer
4941,10-12-2015,6,Adjustable Dumbbell Set
4501,30-09-2015,9,Weight Bench
3803,31-01-2015,10,Pull-Up Bar
2762,13-12-2015,3,Push-Up Bars
4119,18-09-2015,5,Ab Roller
1340,04-03-2015,1,"Suspension Trainer (e.g., TRX)"
2193,30-11-2015,8,Battle Ropes
1997,20-12-2015,6,Plyometric Box
4546,04-08-2015,2,Sandbag
4736,06-11-2015,7,Agility Ladder
1959,18-02-2015,4,Hula Hoop
1974,22-07-2015,9,Stepper Machine
2421,23-08-2015,10,Ankle Weights
1513,15-04-2015,8,Weighted Vest
1905,26-01-2015,3,Pilates Ring
2810,29-12-2015,2,Resistance Tubes
2867,20-10-2015,9,Stability Ball
3962,17-08-2015,5,Exercise Ball Chair
1088,17-05-2015,6,Exercise Step Platform
1808,25-07-2015,4,Balance Board
2552,23-12-2015,7,Hand Grip Strengthener
2300,12-12-2015,1,Grip Strength Trainer
1187,11-09-2015,10,Forearm Exerciser
3037,20-03-2015,5,Power Tower
4941,18-06-2015,4,Dip Station
4501,08-12-2015,7,Inversion Table
3803,25-04-2015,6,Punching Bag
2762,08-07-2015,3,Foam Roller Stick
4119,14-05-2015,1,Trigger Point Massage Ball Set
1340,04-05-2015,8,Powerlifting Knee Sleeves
2193,10-10-2015,2,Powerlifting Belt
1997,03-04-2015,9,Resistance Loop Bands Set
4546,11-06-2015,10,Adjustable Kettlebell Set
4736,30-10-2015,1,Medicine Ball with Handles
1959,23-05-2015,6,Speed Jump Rope for Cardio
1974,05-06-2015,3,Weighted Gloves for Boxing
2421,07-11-2015,4,Resistance Band Door Anchor
1513,04-09-2015,7,Mini Trampoline for Cardio
1905,18-05-2015,2,Compact Exercise Peddler
2810,26-03-2015,9,Mini Stepper for Aerobic Exercise
2867,23-06-2015,8,Yoga Blocks Set
3962,10-08-2015,5,Yoga Strap with Loops
1088,23-07-2015,10,Yoga Wheel with Acupressure Points
1808,01-06-2015,7,Yoga Blanket for Restorative Poses
2552,15-05-2015,3,Non-Slip Yoga Socks with Grips
2300,14-06-2015,6,Yoga Gloves with Wrist Support
1187,21-05-2015,4,Yoga Headstand Bench with Cushion
3037,14-01-2015,9,Yoga Swing Set with Installation Kit
4941,08-08-2015,1,Yoga Mat
4501,10-06-2015,8,Yoga Strap
3803,18-09-2015,5,Yoga Wheel
2762,11-11-2015,2,Yoga Bolster
4119,15-09-2015,10,Yoga Blanket
1340,04-05-2015,6,Yoga Socks
2193,27-06-2015,2,Yoga Gloves
1997,30-09-2015,7,Yoga Headstand Bench
4546,13-01-2015,3,Yoga Hammock/Swing
4736,06-09-2015,9,Yoga Chair
1959,22-08-2015,1,Yoga Meditation Cushion
1974,25-02-2015,4,Yoga Balance Pad
2421,22-02-2015,8,Yoga Towel
1513,16-01-2015,5,Yoga Mat Cleaner
1905,19-11-2015,10,Yoga Mat Bag
2810,19-08-2015,9,Yoga Mat Rack
2867,25-08-2015,6,Yoga Mat Cover
3962,24-06-2015,2,Yoga Mat Holder
1088,06-11-2015,5,Yoga Mat Organizer
1808,10-03-2015,8,Yoga Mat Wall Mount
2552,21-01-2015,1,Yoga Mat Dispenser
2300,18-07-2015,7,Yoga Mat Drying Rack
1187,30-09-2015,3,Yoga Mat Shelf
3037,08-02-2015,4,Yoga Mat Tray
4941,08-06-2015,10,Yoga Bolster Pillow
4501,09-06-2015,7,Yoga Blanket Shawl
3803,16-03-2015,3,Cork Yoga Blocks
2762,25-02-2015,9,Yoga Wheel with Back Pain Relief
4119,07-03-2015,5,Yoga Socks with Toe Separators
1340,31-05-2015,8,Yoga Gloves with Non-Slip Grip
2193,30-06-2015,2,Yoga Headstand Bench with Adjustable Straps
1997,27-08-2015,1,Aerial Yoga Hammock with Carabiners
4546,05-03-2015,4,Folding Yoga Chair with Back Support
4736,17-04-2015,6,Meditation Cushion Set with Zafu and Zabuton
1959,25-06-2015,10,Balance Pad for Stability Training
1974,05-06-2015,5,Pilates Ring with Dual Grips
2421,04-10-2015,9,Resistance Bands Set with Door Anchor
1513,07-05-2015,4,Stability Ball Chair with Resistance Bands
1905,17-06-2015,8,Exercise Ball with Stability Base
2810,14-02-2015,2,Exercise Step Platform with Adjustable Height
2867,19-02-2015,3,Balance Board Trainer with Rocker Base
3962,24-08-2015,7,Hand Grip Strengthener Set with Finger Exerciser
1088,22-06-2015,1,Grip Strength Trainer with Adjustable Resistance
1313,25-12-2015,6,Forearm Exerciser with Wrist Roller
2794,18-07-2015,10,Power Tower with Dip Station and Pull-Up Bar
